provider,amount,currency,dueISO,autopay
Klarna,25.00,USD,2025-10-15,false
Klarna,25.00,USD,2025-10-15,false
Klarna,25.00,USD,2025-10-15,false
Klarna,25.00,USD,2025-10-15,false
Klarna,25.00,USD,2025-10-15,false
Klarna,25.00,USD,2025-10-15,false
Klarna,25.00,USD,2025-10-15,false
Klarna,25.00,USD,2025-10-15,false
Klarna,25.00,USD,2025-10-15,false
Klarna,25.00,USD,2025-10-15,false
Klarna,25.00,USD,2025-10-15,false
Klarna,25.00,USD,2025-10-15,false
Klarna,25.00,USD,2025-10-15,false
Klarna,25.00,USD,2025-10-15,false
Klarna,25.00,USD,2025-10-15,false
Klarna,25.00,USD,2025-10-15,false
Klarna,25.00,USD,2025-10-15,false
Klarna,25.00,USD,2025-10-15,false
Klarna,25.00,USD,2025-10-15,false
Klarna,25.00,USD,2025-10-15,false
Klarna,25.00,USD,2025-10-15,false
Klarna,25.00,USD,2025-10-15,false
Klarna,25.00,USD,2025-10-15,false
Klarna,25.00,USD,2025-10-15,false
Klarna,25.00,USD,2025-10-15,false
Klarna,25.00,USD,2025-10-15,false
Klarna,25.00,USD,2025-10-15,false
Klarna,25.00,USD,2025-10-15,false
Klarna,25.00,USD,2025-10-15,false
Klarna,25.00,USD,2025-10-15,false
Klarna,25.00,USD,2025-10-15,false
Klarna,25.00,USD,2025-10-15,false
Klarna,25.00,USD,2025-10-15,false
Klarna,25.00,USD,2025-10-15,false
Klarna,25.00,USD,2025-10-15,false
Klarna,25.00,USD,2025-10-15,false
Klarna,25.00,USD,2025-10-15,false
Klarna,25.00,USD,2025-10-15,false
Klarna,25.00,USD,2025-10-15,false
Klarna,25.00,USD,2025-10-15,false
Klarna,25.00,USD,2025-10-15,false
Klarna,25.00,USD,2025-10-15,false
Klarna,25.00,USD,2025-10-15,false
Klarna,25.00,USD,2025-10-15,false
Klarna,25.00,USD,2025-10-15,false
Klarna,25.00,USD,2025-10-15,false
Klarna,25.00,USD,2025-10-15,false
Klarna,25.00,USD,2025-10-15,false
Klarna,25.00,USD,2025-10-15,false
Klarna,25.00,USD,2025-10-15,false
Klarna,25.00,USD,2025-10-15,false
Klarna,25.00,USD,2025-10-15,false
Klarna,25.00,USD,2025-10-15,false
Klarna,25.00,USD,2025-10-15,false
Klarna,25.00,USD,2025-10-15,false
Klarna,25.00,USD,2025-10-15,false
Klarna,25.00,USD,2025-10-15,false
Klarna,25.00,USD,2025-10-15,false
Klarna,25.00,USD,2025-10-15,false
Klarna,25.00,USD,2025-10-15,false
Klarna,25.00,USD,2025-10-15,false
Klarna,25.00,USD,2025-10-15,false
Klarna,25.00,USD,2025-10-15,false
Klarna,25.00,USD,2025-10-15,false
Klarna,25.00,USD,2025-10-15,false
Klarna,25.00,USD,2025-10-15,false
Klarna,25.00,USD,2025-10-15,false
Klarna,25.00,USD,2025-10-15,false
Klarna,25.00,USD,2025-10-15,false
Klarna,25.00,USD,2025-10-15,false
Klarna,25.00,USD,2025-10-15,false
Klarna,25.00,USD,2025-10-15,false
Klarna,25.00,USD,2025-10-15,false
Klarna,25.00,USD,2025-10-15,false
Klarna,25.00,USD,2025-10-15,false
Klarna,25.00,USD,2025-10-15,false
Klarna,25.00,USD,2025-10-15,false
Klarna,25.00,USD,2025-10-15,false
Klarna,25.00,USD,2025-10-15,false
Klarna,25.00,USD,2025-10-15,false
Klarna,25.00,USD,2025-10-15,false
Klarna,25.00,USD,2025-10-15,false
Klarna,25.00,USD,2025-10-15,false
Klarna,25.00,USD,2025-10-15,false
Klarna,25.00,USD,2025-10-15,false
Klarna,25.00,USD,2025-10-15,false
Klarna,25.00,USD,2025-10-15,false
Klarna,25.00,USD,2025-10-15,false
Klarna,25.00,USD,2025-10-15,false
Klarna,25.00,USD,2025-10-15,false
Klarna,25.00,USD,2025-10-15,false
Klarna,25.00,USD,2025-10-15,false
Klarna,25.00,USD,2025-10-15,false
Klarna,25.00,USD,2025-10-15,false
Klarna,25.00,USD,2025-10-15,false
Klarna,25.00,USD,2025-10-15,false
Klarna,25.00,USD,2025-10-15,false
Klarna,25.00,USD,2025-10-15,false
Klarna,25.00,USD,2025-10-15,false
Klarna,25.00,USD,2025-10-15,false
Klarna,25.00,USD,2025-10-15,false
Klarna,25.00,USD,2025-10-15,false
Klarna,25.00,USD,2025-10-15,false
Klarna,25.00,USD,2025-10-15,false
Klarna,25.00,USD,2025-10-15,false
Klarna,25.00,USD,2025-10-15,false
Klarna,25.00,USD,2025-10-15,false
Klarna,25.00,USD,2025-10-15,false
Klarna,25.00,USD,2025-10-15,false
Klarna,25.00,USD,2025-10-15,false
Klarna,25.00,USD,2025-10-15,false
Klarna,25.00,USD,2025-10-15,false
Klarna,25.00,USD,2025-10-15,false
Klarna,25.00,USD,2025-10-15,false
Klarna,25.00,USD,2025-10-15,false
Klarna,25.00,USD,2025-10-15,false
Klarna,25.00,USD,2025-10-15,false
Klarna,25.00,USD,2025-10-15,false
Klarna,25.00,USD,2025-10-15,false
Klarna,25.00,USD,2025-10-15,false
Klarna,25.00,USD,2025-10-15,false
Klarna,25.00,USD,2025-10-15,false
Klarna,25.00,USD,2025-10-15,false
Klarna,25.00,USD,2025-10-15,false
Klarna,25.00,USD,2025-10-15,false
Klarna,25.00,USD,2025-10-15,false
Klarna,25.00,USD,2025-10-15,false
Klarna,25.00,USD,2025-10-15,false
Klarna,25.00,USD,2025-10-15,false
Klarna,25.00,USD,2025-10-15,false
Klarna,25.00,USD,2025-10-15,false
Klarna,25.00,USD,2025-10-15,false
Klarna,25.00,USD,2025-10-15,false
Klarna,25.00,USD,2025-10-15,false
Klarna,25.00,USD,2025-10-15,false
Klarna,25.00,USD,2025-10-15,false
Klarna,25.00,USD,2025-10-15,false
Klarna,25.00,USD,2025-10-15,false
Klarna,25.00,USD,2025-10-15,false
Klarna,25.00,USD,2025-10-15,false
Klarna,25.00,USD,2025-10-15,false
Klarna,25.00,USD,2025-10-15,false
Klarna,25.00,USD,2025-10-15,false
Klarna,25.00,USD,2025-10-15,false
Klarna,25.00,USD,2025-10-15,false
Klarna,25.00,USD,2025-10-15,false
Klarna,25.00,USD,2025-10-15,false
Klarna,25.00,USD,2025-10-15,false
Klarna,25.00,USD,2025-10-15,false
Klarna,25.00,USD,2025-10-15,false
Klarna,25.00,USD,2025-10-15,false
Klarna,25.00,USD,2025-10-15,false
Klarna,25.00,USD,2025-10-15,false
Klarna,25.00,USD,2025-10-15,false
Klarna,25.00,USD,2025-10-15,false
Klarna,25.00,USD,2025-10-15,false
Klarna,25.00,USD,2025-10-15,false
Klarna,25.00,USD,2025-10-15,false
Klarna,25.00,USD,2025-10-15,false
Klarna,25.00,USD,2025-10-15,false
Klarna,25.00,USD,2025-10-15,false
Klarna,25.00,USD,2025-10-15,false
Klarna,25.00,USD,2025-10-15,false
Klarna,25.00,USD,2025-10-15,false
Klarna,25.00,USD,2025-10-15,false
Klarna,25.00,USD,2025-10-15,false
Klarna,25.00,USD,2025-10-15,false
Klarna,25.00,USD,2025-10-15,false
Klarna,25.00,USD,2025-10-15,false
Klarna,25.00,USD,2025-10-15,false
Klarna,25.00,USD,2025-10-15,false
Klarna,25.00,USD,2025-10-15,false
Klarna,25.00,USD,2025-10-15,false
Klarna,25.00,USD,2025-10-15,false
Klarna,25.00,USD,2025-10-15,false
Klarna,25.00,USD,2025-10-15,false
Klarna,25.00,USD,2025-10-15,false
Klarna,25.00,USD,2025-10-15,false
Klarna,25.00,USD,2025-10-15,false
Klarna,25.00,USD,2025-10-15,false
Klarna,25.00,USD,2025-10-15,false
Klarna,25.00,USD,2025-10-15,false
Klarna,25.00,USD,2025-10-15,false
Klarna,25.00,USD,2025-10-15,false
Klarna,25.00,USD,2025-10-15,false
Klarna,25.00,USD,2025-10-15,false
Klarna,25.00,USD,2025-10-15,false
Klarna,25.00,USD,2025-10-15,false
Klarna,25.00,USD,2025-10-15,false
Klarna,25.00,USD,2025-10-15,false
Klarna,25.00,USD,2025-10-15,false
Klarna,25.00,USD,2025-10-15,false
Klarna,25.00,USD,2025-10-15,false
Klarna,25.00,USD,2025-10-15,false
Klarna,25.00,USD,2025-10-15,false
Klarna,25.00,USD,2025-10-15,false
Klarna,25.00,USD,2025-10-15,false
Klarna,25.00,USD,2025-10-15,false
Klarna,25.00,USD,2025-10-15,false
Klarna,25.00,USD,2025-10-15,false
Klarna,25.00,USD,2025-10-15,false
Klarna,25.00,USD,2025-10-15,false
Klarna,25.00,USD,2025-10-15,false
Klarna,25.00,USD,2025-10-15,false
Klarna,25.00,USD,2025-10-15,false
Klarna,25.00,USD,2025-10-15,false
Klarna,25.00,USD,2025-10-15,false
Klarna,25.00,USD,2025-10-15,false
Klarna,25.00,USD,2025-10-15,false
Klarna,25.00,USD,2025-10-15,false
Klarna,25.00,USD,2025-10-15,false
Klarna,25.00,USD,2025-10-15,false
Klarna,25.00,USD,2025-10-15,false
Klarna,25.00,USD,2025-10-15,false
Klarna,25.00,USD,2025-10-15,false
Klarna,25.00,USD,2025-10-15,false
Klarna,25.00,USD,2025-10-15,false
Klarna,25.00,USD,2025-10-15,false
Klarna,25.00,USD,2025-10-15,false
Klarna,25.00,USD,2025-10-15,false
Klarna,25.00,USD,2025-10-15,false
Klarna,25.00,USD,2025-10-15,false
Klarna,25.00,USD,2025-10-15,false
Klarna,25.00,USD,2025-10-15,false
Klarna,25.00,USD,2025-10-15,false
Klarna,25.00,USD,2025-10-15,false
Klarna,25.00,USD,2025-10-15,false
Klarna,25.00,USD,2025-10-15,false
Klarna,25.00,USD,2025-10-15,false
Klarna,25.00,USD,2025-10-15,false
Klarna,25.00,USD,2025-10-15,false
Klarna,25.00,USD,2025-10-15,false
Klarna,25.00,USD,2025-10-15,false
Klarna,25.00,USD,2025-10-15,false
Klarna,25.00,USD,2025-10-15,false
Klarna,25.00,USD,2025-10-15,false
Klarna,25.00,USD,2025-10-15,false
Klarna,25.00,USD,2025-10-15,false
Klarna,25.00,USD,2025-10-15,false
Klarna,25.00,USD,2025-10-15,false
Klarna,25.00,USD,2025-10-15,false
Klarna,25.00,USD,2025-10-15,false
Klarna,25.00,USD,2025-10-15,false
Klarna,25.00,USD,2025-10-15,false
Klarna,25.00,USD,2025-10-15,false
Klarna,25.00,USD,2025-10-15,false
Klarna,25.00,USD,2025-10-15,false
Klarna,25.00,USD,2025-10-15,false
Klarna,25.00,USD,2025-10-15,false
Klarna,25.00,USD,2025-10-15,false
Klarna,25.00,USD,2025-10-15,false
Klarna,25.00,USD,2025-10-15,false
Klarna,25.00,USD,2025-10-15,false
Klarna,25.00,USD,2025-10-15,false
Klarna,25.00,USD,2025-10-15,false
Klarna,25.00,USD,2025-10-15,false
Klarna,25.00,USD,2025-10-15,false
Klarna,25.00,USD,2025-10-15,false
Klarna,25.00,USD,2025-10-15,false
Klarna,25.00,USD,2025-10-15,false
Klarna,25.00,USD,2025-10-15,false
Klarna,25.00,USD,2025-10-15,false
Klarna,25.00,USD,2025-10-15,false
Klarna,25.00,USD,2025-10-15,false
Klarna,25.00,USD,2025-10-15,false
Klarna,25.00,USD,2025-10-15,false
Klarna,25.00,USD,2025-10-15,false
Klarna,25.00,USD,2025-10-15,false
Klarna,25.00,USD,2025-10-15,false
Klarna,25.00,USD,2025-10-15,false
Klarna,25.00,USD,2025-10-15,false
Klarna,25.00,USD,2025-10-15,false
Klarna,25.00,USD,2025-10-15,false
Klarna,25.00,USD,2025-10-15,false
Klarna,25.00,USD,2025-10-15,false
Klarna,25.00,USD,2025-10-15,false
Klarna,25.00,USD,2025-10-15,false
Klarna,25.00,USD,2025-10-15,false
Klarna,25.00,USD,2025-10-15,false
Klarna,25.00,USD,2025-10-15,false
Klarna,25.00,USD,2025-10-15,false
Klarna,25.00,USD,2025-10-15,false
Klarna,25.00,USD,2025-10-15,false
Klarna,25.00,USD,2025-10-15,false
Klarna,25.00,USD,2025-10-15,false
Klarna,25.00,USD,2025-10-15,false
Klarna,25.00,USD,2025-10-15,false
Klarna,25.00,USD,2025-10-15,false
Klarna,25.00,USD,2025-10-15,false
Klarna,25.00,USD,2025-10-15,false
Klarna,25.00,USD,2025-10-15,false
Klarna,25.00,USD,2025-10-15,false
Klarna,25.00,USD,2025-10-15,false
Klarna,25.00,USD,2025-10-15,false
Klarna,25.00,USD,2025-10-15,false
Klarna,25.00,USD,2025-10-15,false
Klarna,25.00,USD,2025-10-15,false
Klarna,25.00,USD,2025-10-15,false
Klarna,25.00,USD,2025-10-15,false
Klarna,25.00,USD,2025-10-15,false
Klarna,25.00,USD,2025-10-15,false
Klarna,25.00,USD,2025-10-15,false
Klarna,25.00,USD,2025-10-15,false
Klarna,25.00,USD,2025-10-15,false
Klarna,25.00,USD,2025-10-15,false
Klarna,25.00,USD,2025-10-15,false
Klarna,25.00,USD,2025-10-15,false
Klarna,25.00,USD,2025-10-15,false
Klarna,25.00,USD,2025-10-15,false
Klarna,25.00,USD,2025-10-15,false
Klarna,25.00,USD,2025-10-15,false
Klarna,25.00,USD,2025-10-15,false
Klarna,25.00,USD,2025-10-15,false
Klarna,25.00,USD,2025-10-15,false
Klarna,25.00,USD,2025-10-15,false
Klarna,25.00,USD,2025-10-15,false
Klarna,25.00,USD,2025-10-15,false
Klarna,25.00,USD,2025-10-15,false
Klarna,25.00,USD,2025-10-15,false
Klarna,25.00,USD,2025-10-15,false
Klarna,25.00,USD,2025-10-15,false
Klarna,25.00,USD,2025-10-15,false
Klarna,25.00,USD,2025-10-15,false
Klarna,25.00,USD,2025-10-15,false
Klarna,25.00,USD,2025-10-15,false
Klarna,25.00,USD,2025-10-15,false
Klarna,25.00,USD,2025-10-15,false
Klarna,25.00,USD,2025-10-15,false
Klarna,25.00,USD,2025-10-15,false
Klarna,25.00,USD,2025-10-15,false
Klarna,25.00,USD,2025-10-15,false
Klarna,25.00,USD,2025-10-15,false
Klarna,25.00,USD,2025-10-15,false
Klarna,25.00,USD,2025-10-15,false
Klarna,25.00,USD,2025-10-15,false
Klarna,25.00,USD,2025-10-15,false
Klarna,25.00,USD,2025-10-15,false
Klarna,25.00,USD,2025-10-15,false
Klarna,25.00,USD,2025-10-15,false
Klarna,25.00,USD,2025-10-15,false
Klarna,25.00,USD,2025-10-15,false
Klarna,25.00,USD,2025-10-15,false
Klarna,25.00,USD,2025-10-15,false
Klarna,25.00,USD,2025-10-15,false
Klarna,25.00,USD,2025-10-15,false
Klarna,25.00,USD,2025-10-15,false
Klarna,25.00,USD,2025-10-15,false
Klarna,25.00,USD,2025-10-15,false
Klarna,25.00,USD,2025-10-15,false
Klarna,25.00,USD,2025-10-15,false
Klarna,25.00,USD,2025-10-15,false
Klarna,25.00,USD,2025-10-15,false
Klarna,25.00,USD,2025-10-15,false
Klarna,25.00,USD,2025-10-15,false
Klarna,25.00,USD,2025-10-15,false
Klarna,25.00,USD,2025-10-15,false
Klarna,25.00,USD,2025-10-15,false
Klarna,25.00,USD,2025-10-15,false
Klarna,25.00,USD,2025-10-15,false
Klarna,25.00,USD,2025-10-15,false
Klarna,25.00,USD,2025-10-15,false
Klarna,25.00,USD,2025-10-15,false
Klarna,25.00,USD,2025-10-15,false
Klarna,25.00,USD,2025-10-15,false
Klarna,25.00,USD,2025-10-15,false
Klarna,25.00,USD,2025-10-15,false
Klarna,25.00,USD,2025-10-15,false
Klarna,25.00,USD,2025-10-15,false
Klarna,25.00,USD,2025-10-15,false
Klarna,25.00,USD,2025-10-15,false
Klarna,25.00,USD,2025-10-15,false
Klarna,25.00,USD,2025-10-15,false
Klarna,25.00,USD,2025-10-15,false
Klarna,25.00,USD,2025-10-15,false
Klarna,25.00,USD,2025-10-15,false
Klarna,25.00,USD,2025-10-15,false
Klarna,25.00,USD,2025-10-15,false
Klarna,25.00,USD,2025-10-15,false
Klarna,25.00,USD,2025-10-15,false
Klarna,25.00,USD,2025-10-15,false
Klarna,25.00,USD,2025-10-15,false
Klarna,25.00,USD,2025-10-15,false
Klarna,25.00,USD,2025-10-15,false
Klarna,25.00,USD,2025-10-15,false
Klarna,25.00,USD,2025-10-15,false
Klarna,25.00,USD,2025-10-15,false
Klarna,25.00,USD,2025-10-15,false
Klarna,25.00,USD,2025-10-15,false
Klarna,25.00,USD,2025-10-15,false
Klarna,25.00,USD,2025-10-15,false
Klarna,25.00,USD,2025-10-15,false
Klarna,25.00,USD,2025-10-15,false
Klarna,25.00,USD,2025-10-15,false
Klarna,25.00,USD,2025-10-15,false
Klarna,25.00,USD,2025-10-15,false
Klarna,25.00,USD,2025-10-15,false
Klarna,25.00,USD,2025-10-15,false
Klarna,25.00,USD,2025-10-15,false
Klarna,25.00,USD,2025-10-15,false
Klarna,25.00,USD,2025-10-15,false
Klarna,25.00,USD,2025-10-15,false
Klarna,25.00,USD,2025-10-15,false
Klarna,25.00,USD,2025-10-15,false
Klarna,25.00,USD,2025-10-15,false
Klarna,25.00,USD,2025-10-15,false
Klarna,25.00,USD,2025-10-15,false
Klarna,25.00,USD,2025-10-15,false
Klarna,25.00,USD,2025-10-15,false
Klarna,25.00,USD,2025-10-15,false
Klarna,25.00,USD,2025-10-15,false
Klarna,25.00,USD,2025-10-15,false
Klarna,25.00,USD,2025-10-15,false
Klarna,25.00,USD,2025-10-15,false
Klarna,25.00,USD,2025-10-15,false
Klarna,25.00,USD,2025-10-15,false
Klarna,25.00,USD,2025-10-15,false
Klarna,25.00,USD,2025-10-15,false
Klarna,25.00,USD,2025-10-15,false
Klarna,25.00,USD,2025-10-15,false
Klarna,25.00,USD,2025-10-15,false
Klarna,25.00,USD,2025-10-15,false
Klarna,25.00,USD,2025-10-15,false
Klarna,25.00,USD,2025-10-15,false
Klarna,25.00,USD,2025-10-15,false
Klarna,25.00,USD,2025-10-15,false
Klarna,25.00,USD,2025-10-15,false
Klarna,25.00,USD,2025-10-15,false
Klarna,25.00,USD,2025-10-15,false
Klarna,25.00,USD,2025-10-15,false
Klarna,25.00,USD,2025-10-15,false
Klarna,25.00,USD,2025-10-15,false
Klarna,25.00,USD,2025-10-15,false
Klarna,25.00,USD,2025-10-15,false
Klarna,25.00,USD,2025-10-15,false
Klarna,25.00,USD,2025-10-15,false
Klarna,25.00,USD,2025-10-15,false
Klarna,25.00,USD,2025-10-15,false
Klarna,25.00,USD,2025-10-15,false
Klarna,25.00,USD,2025-10-15,false
Klarna,25.00,USD,2025-10-15,false
Klarna,25.00,USD,2025-10-15,false
Klarna,25.00,USD,2025-10-15,false
Klarna,25.00,USD,2025-10-15,false
Klarna,25.00,USD,2025-10-15,false
Klarna,25.00,USD,2025-10-15,false
Klarna,25.00,USD,2025-10-15,false
Klarna,25.00,USD,2025-10-15,false
Klarna,25.00,USD,2025-10-15,false
Klarna,25.00,USD,2025-10-15,false
Klarna,25.00,USD,2025-10-15,false
Klarna,25.00,USD,2025-10-15,false
Klarna,25.00,USD,2025-10-15,false
Klarna,25.00,USD,2025-10-15,false
Klarna,25.00,USD,2025-10-15,false
Klarna,25.00,USD,2025-10-15,false
Klarna,25.00,USD,2025-10-15,false
Klarna,25.00,USD,2025-10-15,false
Klarna,25.00,USD,2025-10-15,false
Klarna,25.00,USD,2025-10-15,false
Klarna,25.00,USD,2025-10-15,false
Klarna,25.00,USD,2025-10-15,false
Klarna,25.00,USD,2025-10-15,false
Klarna,25.00,USD,2025-10-15,false
Klarna,25.00,USD,2025-10-15,false
Klarna,25.00,USD,2025-10-15,false
Klarna,25.00,USD,2025-10-15,false
Klarna,25.00,USD,2025-10-15,false
Klarna,25.00,USD,2025-10-15,false
Klarna,25.00,USD,2025-10-15,false
Klarna,25.00,USD,2025-10-15,false
Klarna,25.00,USD,2025-10-15,false
Klarna,25.00,USD,2025-10-15,false
Klarna,25.00,USD,2025-10-15,false
Klarna,25.00,USD,2025-10-15,false
Klarna,25.00,USD,2025-10-15,false
Klarna,25.00,USD,2025-10-15,false
Klarna,25.00,USD,2025-10-15,false
Klarna,25.00,USD,2025-10-15,false
Klarna,25.00,USD,2025-10-15,false
Klarna,25.00,USD,2025-10-15,false
Klarna,25.00,USD,2025-10-15,false
Klarna,25.00,USD,2025-10-15,false
Klarna,25.00,USD,2025-10-15,false
Klarna,25.00,USD,2025-10-15,false
Klarna,25.00,USD,2025-10-15,false
Klarna,25.00,USD,2025-10-15,false
Klarna,25.00,USD,2025-10-15,false
Klarna,25.00,USD,2025-10-15,false
Klarna,25.00,USD,2025-10-15,false
Klarna,25.00,USD,2025-10-15,false
Klarna,25.00,USD,2025-10-15,false
Klarna,25.00,USD,2025-10-15,false
Klarna,25.00,USD,2025-10-15,false
Klarna,25.00,USD,2025-10-15,false
Klarna,25.00,USD,2025-10-15,false
Klarna,25.00,USD,2025-10-15,false
Klarna,25.00,USD,2025-10-15,false
Klarna,25.00,USD,2025-10-15,false
Klarna,25.00,USD,2025-10-15,false
Klarna,25.00,USD,2025-10-15,false
Klarna,25.00,USD,2025-10-15,false
Klarna,25.00,USD,2025-10-15,false
Klarna,25.00,USD,2025-10-15,false
Klarna,25.00,USD,2025-10-15,false
Klarna,25.00,USD,2025-10-15,false
Klarna,25.00,USD,2025-10-15,false
Klarna,25.00,USD,2025-10-15,false
Klarna,25.00,USD,2025-10-15,false
Klarna,25.00,USD,2025-10-15,false
Klarna,25.00,USD,2025-10-15,false
Klarna,25.00,USD,2025-10-15,false
Klarna,25.00,USD,2025-10-15,false
Klarna,25.00,USD,2025-10-15,false
Klarna,25.00,USD,2025-10-15,false
Klarna,25.00,USD,2025-10-15,false
Klarna,25.00,USD,2025-10-15,false
Klarna,25.00,USD,2025-10-15,false
Klarna,25.00,USD,2025-10-15,false
Klarna,25.00,USD,2025-10-15,false
Klarna,25.00,USD,2025-10-15,false
Klarna,25.00,USD,2025-10-15,false
Klarna,25.00,USD,2025-10-15,false
Klarna,25.00,USD,2025-10-15,false
Klarna,25.00,USD,2025-10-15,false
Klarna,25.00,USD,2025-10-15,false
Klarna,25.00,USD,2025-10-15,false
Klarna,25.00,USD,2025-10-15,false
Klarna,25.00,USD,2025-10-15,false
Klarna,25.00,USD,2025-10-15,false
Klarna,25.00,USD,2025-10-15,false
Klarna,25.00,USD,2025-10-15,false
Klarna,25.00,USD,2025-10-15,false
Klarna,25.00,USD,2025-10-15,false
Klarna,25.00,USD,2025-10-15,false
Klarna,25.00,USD,2025-10-15,false
Klarna,25.00,USD,2025-10-15,false
Klarna,25.00,USD,2025-10-15,false
Klarna,25.00,USD,2025-10-15,false
Klarna,25.00,USD,2025-10-15,false
Klarna,25.00,USD,2025-10-15,false
Klarna,25.00,USD,2025-10-15,false
Klarna,25.00,USD,2025-10-15,false
Klarna,25.00,USD,2025-10-15,false
Klarna,25.00,USD,2025-10-15,false
Klarna,25.00,USD,2025-10-15,false
Klarna,25.00,USD,2025-10-15,false
Klarna,25.00,USD,2025-10-15,false
Klarna,25.00,USD,2025-10-15,false
Klarna,25.00,USD,2025-10-15,false
Klarna,25.00,USD,2025-10-15,false
Klarna,25.00,USD,2025-10-15,false
Klarna,25.00,USD,2025-10-15,false
Klarna,25.00,USD,2025-10-15,false
Klarna,25.00,USD,2025-10-15,false
Klarna,25.00,USD,2025-10-15,false
Klarna,25.00,USD,2025-10-15,false
Klarna,25.00,USD,2025-10-15,false
Klarna,25.00,USD,2025-10-15,false
Klarna,25.00,USD,2025-10-15,false
Klarna,25.00,USD,2025-10-15,false
Klarna,25.00,USD,2025-10-15,false
Klarna,25.00,USD,2025-10-15,false
Klarna,25.00,USD,2025-10-15,false
Klarna,25.00,USD,2025-10-15,false
Klarna,25.00,USD,2025-10-15,false
Klarna,25.00,USD,2025-10-15,false
Klarna,25.00,USD,2025-10-15,false
Klarna,25.00,USD,2025-10-15,false
Klarna,25.00,USD,2025-10-15,false
Klarna,25.00,USD,2025-10-15,false
Klarna,25.00,USD,2025-10-15,false
Klarna,25.00,USD,2025-10-15,false
Klarna,25.00,USD,2025-10-15,false
Klarna,25.00,USD,2025-10-15,false
Klarna,25.00,USD,2025-10-15,false
Klarna,25.00,USD,2025-10-15,false
Klarna,25.00,USD,2025-10-15,false
Klarna,25.00,USD,2025-10-15,false
Klarna,25.00,USD,2025-10-15,false
Klarna,25.00,USD,2025-10-15,false
Klarna,25.00,USD,2025-10-15,false
Klarna,25.00,USD,2025-10-15,false
Klarna,25.00,USD,2025-10-15,false
Klarna,25.00,USD,2025-10-15,false
Klarna,25.00,USD,2025-10-15,false
Klarna,25.00,USD,2025-10-15,false
Klarna,25.00,USD,2025-10-15,false
Klarna,25.00,USD,2025-10-15,false
Klarna,25.00,USD,2025-10-15,false
Klarna,25.00,USD,2025-10-15,false
Klarna,25.00,USD,2025-10-15,false
Klarna,25.00,USD,2025-10-15,false
Klarna,25.00,USD,2025-10-15,false
Klarna,25.00,USD,2025-10-15,false
Klarna,25.00,USD,2025-10-15,false
Klarna,25.00,USD,2025-10-15,false
Klarna,25.00,USD,2025-10-15,false
Klarna,25.00,USD,2025-10-15,false
Klarna,25.00,USD,2025-10-15,false
Klarna,25.00,USD,2025-10-15,false
Klarna,25.00,USD,2025-10-15,false
Klarna,25.00,USD,2025-10-15,false
Klarna,25.00,USD,2025-10-15,false
Klarna,25.00,USD,2025-10-15,false
Klarna,25.00,USD,2025-10-15,false
Klarna,25.00,USD,2025-10-15,false
Klarna,25.00,USD,2025-10-15,false
Klarna,25.00,USD,2025-10-15,false
Klarna,25.00,USD,2025-10-15,false
Klarna,25.00,USD,2025-10-15,false
Klarna,25.00,USD,2025-10-15,false
Klarna,25.00,USD,2025-10-15,false
Klarna,25.00,USD,2025-10-15,false
Klarna,25.00,USD,2025-10-15,false
Klarna,25.00,USD,2025-10-15,false
Klarna,25.00,USD,2025-10-15,false
Klarna,25.00,USD,2025-10-15,false
Klarna,25.00,USD,2025-10-15,false
Klarna,25.00,USD,2025-10-15,false
Klarna,25.00,USD,2025-10-15,false
Klarna,25.00,USD,2025-10-15,false
Klarna,25.00,USD,2025-10-15,false
Klarna,25.00,USD,2025-10-15,false
Klarna,25.00,USD,2025-10-15,false
Klarna,25.00,USD,2025-10-15,false
Klarna,25.00,USD,2025-10-15,false
Klarna,25.00,USD,2025-10-15,false
Klarna,25.00,USD,2025-10-15,false
Klarna,25.00,USD,2025-10-15,false
Klarna,25.00,USD,2025-10-15,false
Klarna,25.00,USD,2025-10-15,false
Klarna,25.00,USD,2025-10-15,false
Klarna,25.00,USD,2025-10-15,false
Klarna,25.00,USD,2025-10-15,false
Klarna,25.00,USD,2025-10-15,false
Klarna,25.00,USD,2025-10-15,false
Klarna,25.00,USD,2025-10-15,false
Klarna,25.00,USD,2025-10-15,false
Klarna,25.00,USD,2025-10-15,false
Klarna,25.00,USD,2025-10-15,false
Klarna,25.00,USD,2025-10-15,false
Klarna,25.00,USD,2025-10-15,false
Klarna,25.00,USD,2025-10-15,false
Klarna,25.00,USD,2025-10-15,false
Klarna,25.00,USD,2025-10-15,false
Klarna,25.00,USD,2025-10-15,false
Klarna,25.00,USD,2025-10-15,false
Klarna,25.00,USD,2025-10-15,false
Klarna,25.00,USD,2025-10-15,false
Klarna,25.00,USD,2025-10-15,false
Klarna,25.00,USD,2025-10-15,false
Klarna,25.00,USD,2025-10-15,false
Klarna,25.00,USD,2025-10-15,false
Klarna,25.00,USD,2025-10-15,false
Klarna,25.00,USD,2025-10-15,false
Klarna,25.00,USD,2025-10-15,false
Klarna,25.00,USD,2025-10-15,false
Klarna,25.00,USD,2025-10-15,false
Klarna,25.00,USD,2025-10-15,false
Klarna,25.00,USD,2025-10-15,false
Klarna,25.00,USD,2025-10-15,false
Klarna,25.00,USD,2025-10-15,false
Klarna,25.00,USD,2025-10-15,false
Klarna,25.00,USD,2025-10-15,false
Klarna,25.00,USD,2025-10-15,false
Klarna,25.00,USD,2025-10-15,false
Klarna,25.00,USD,2025-10-15,false
Klarna,25.00,USD,2025-10-15,false
Klarna,25.00,USD,2025-10-15,false
Klarna,25.00,USD,2025-10-15,false
Klarna,25.00,USD,2025-10-15,false
Klarna,25.00,USD,2025-10-15,false
Klarna,25.00,USD,2025-10-15,false
Klarna,25.00,USD,2025-10-15,false
Klarna,25.00,USD,2025-10-15,false
Klarna,25.00,USD,2025-10-15,false
Klarna,25.00,USD,2025-10-15,false
Klarna,25.00,USD,2025-10-15,false
Klarna,25.00,USD,2025-10-15,false
Klarna,25.00,USD,2025-10-15,false
Klarna,25.00,USD,2025-10-15,false
Klarna,25.00,USD,2025-10-15,false
Klarna,25.00,USD,2025-10-15,false
Klarna,25.00,USD,2025-10-15,false
Klarna,25.00,USD,2025-10-15,false
Klarna,25.00,USD,2025-10-15,false
Klarna,25.00,USD,2025-10-15,false
Klarna,25.00,USD,2025-10-15,false
Klarna,25.00,USD,2025-10-15,false
Klarna,25.00,USD,2025-10-15,false
Klarna,25.00,USD,2025-10-15,false
Klarna,25.00,USD,2025-10-15,false
Klarna,25.00,USD,2025-10-15,false
Klarna,25.00,USD,2025-10-15,false
Klarna,25.00,USD,2025-10-15,false
Klarna,25.00,USD,2025-10-15,false
Klarna,25.00,USD,2025-10-15,false
Klarna,25.00,USD,2025-10-15,false
Klarna,25.00,USD,2025-10-15,false
Klarna,25.00,USD,2025-10-15,false
Klarna,25.00,USD,2025-10-15,false
Klarna,25.00,USD,2025-10-15,false
Klarna,25.00,USD,2025-10-15,false
Klarna,25.00,USD,2025-10-15,false
Klarna,25.00,USD,2025-10-15,false
Klarna,25.00,USD,2025-10-15,false
Klarna,25.00,USD,2025-10-15,false
Klarna,25.00,USD,2025-10-15,false
Klarna,25.00,USD,2025-10-15,false
Klarna,25.00,USD,2025-10-15,false
Klarna,25.00,USD,2025-10-15,false
Klarna,25.00,USD,2025-10-15,false
Klarna,25.00,USD,2025-10-15,false
Klarna,25.00,USD,2025-10-15,false
Klarna,25.00,USD,2025-10-15,false
Klarna,25.00,USD,2025-10-15,false
Klarna,25.00,USD,2025-10-15,false
Klarna,25.00,USD,2025-10-15,false
Klarna,25.00,USD,2025-10-15,false
Klarna,25.00,USD,2025-10-15,false
Klarna,25.00,USD,2025-10-15,false
Klarna,25.00,USD,2025-10-15,false
Klarna,25.00,USD,2025-10-15,false
Klarna,25.00,USD,2025-10-15,false
Klarna,25.00,USD,2025-10-15,false
Klarna,25.00,USD,2025-10-15,false
Klarna,25.00,USD,2025-10-15,false
Klarna,25.00,USD,2025-10-15,false
Klarna,25.00,USD,2025-10-15,false
Klarna,25.00,USD,2025-10-15,false
Klarna,25.00,USD,2025-10-15,false
Klarna,25.00,USD,2025-10-15,false
Klarna,25.00,USD,2025-10-15,false
Klarna,25.00,USD,2025-10-15,false
Klarna,25.00,USD,2025-10-15,false
Klarna,25.00,USD,2025-10-15,false
Klarna,25.00,USD,2025-10-15,false
Klarna,25.00,USD,2025-10-15,false
Klarna,25.00,USD,2025-10-15,false
Klarna,25.00,USD,2025-10-15,false
Klarna,25.00,USD,2025-10-15,false
Klarna,25.00,USD,2025-10-15,false
Klarna,25.00,USD,2025-10-15,false
Klarna,25.00,USD,2025-10-15,false
Klarna,25.00,USD,2025-10-15,false
Klarna,25.00,USD,2025-10-15,false
Klarna,25.00,USD,2025-10-15,false
Klarna,25.00,USD,2025-10-15,false
Klarna,25.00,USD,2025-10-15,false
Klarna,25.00,USD,2025-10-15,false
Klarna,25.00,USD,2025-10-15,false
Klarna,25.00,USD,2025-10-15,false
Klarna,25.00,USD,2025-10-15,false
Klarna,25.00,USD,2025-10-15,false
Klarna,25.00,USD,2025-10-15,false
Klarna,25.00,USD,2025-10-15,false
Klarna,25.00,USD,2025-10-15,false
Klarna,25.00,USD,2025-10-15,false
Klarna,25.00,USD,2025-10-15,false
Klarna,25.00,USD,2025-10-15,false
Klarna,25.00,USD,2025-10-15,false
Klarna,25.00,USD,2025-10-15,false
Klarna,25.00,USD,2025-10-15,false
Klarna,25.00,USD,2025-10-15,false
Klarna,25.00,USD,2025-10-15,false
Klarna,25.00,USD,2025-10-15,false
Klarna,25.00,USD,2025-10-15,false
Klarna,25.00,USD,2025-10-15,false
Klarna,25.00,USD,2025-10-15,false
Klarna,25.00,USD,2025-10-15,false
Klarna,25.00,USD,2025-10-15,false
Klarna,25.00,USD,2025-10-15,false
Klarna,25.00,USD,2025-10-15,false
Klarna,25.00,USD,2025-10-15,false
Klarna,25.00,USD,2025-10-15,false
Klarna,25.00,USD,2025-10-15,false
Klarna,25.00,USD,2025-10-15,false
Klarna,25.00,USD,2025-10-15,false
Klarna,25.00,USD,2025-10-15,false
Klarna,25.00,USD,2025-10-15,false
Klarna,25.00,USD,2025-10-15,false
Klarna,25.00,USD,2025-10-15,false
Klarna,25.00,USD,2025-10-15,false
Klarna,25.00,USD,2025-10-15,false
Klarna,25.00,USD,2025-10-15,false
Klarna,25.00,USD,2025-10-15,false
Klarna,25.00,USD,2025-10-15,false
Klarna,25.00,USD,2025-10-15,false
Klarna,25.00,USD,2025-10-15,false
Klarna,25.00,USD,2025-10-15,false
Klarna,25.00,USD,2025-10-15,false
Klarna,25.00,USD,2025-10-15,false
Klarna,25.00,USD,2025-10-15,false
Klarna,25.00,USD,2025-10-15,false
Klarna,25.00,USD,2025-10-15,false
Klarna,25.00,USD,2025-10-15,false
Klarna,25.00,USD,2025-10-15,false
Klarna,25.00,USD,2025-10-15,false
Klarna,25.00,USD,2025-10-15,false
Klarna,25.00,USD,2025-10-15,false
Klarna,25.00,USD,2025-10-15,false
Klarna,25.00,USD,2025-10-15,false
Klarna,25.00,USD,2025-10-15,false
Klarna,25.00,USD,2025-10-15,false
Klarna,25.00,USD,2025-10-15,false
Klarna,25.00,USD,2025-10-15,false
Klarna,25.00,USD,2025-10-15,false
Klarna,25.00,USD,2025-10-15,false
Klarna,25.00,USD,2025-10-15,false
Klarna,25.00,USD,2025-10-15,false
Klarna,25.00,USD,2025-10-15,false
Klarna,25.00,USD,2025-10-15,false
Klarna,25.00,USD,2025-10-15,false
Klarna,25.00,USD,2025-10-15,false
Klarna,25.00,USD,2025-10-15,false
Klarna,25.00,USD,2025-10-15,false
Klarna,25.00,USD,2025-10-15,false
Klarna,25.00,USD,2025-10-15,false
Klarna,25.00,USD,2025-10-15,false
Klarna,25.00,USD,2025-10-15,false
Klarna,25.00,USD,2025-10-15,false
Klarna,25.00,USD,2025-10-15,false
Klarna,25.00,USD,2025-10-15,false
Klarna,25.00,USD,2025-10-15,false
Klarna,25.00,USD,2025-10-15,false
Klarna,25.00,USD,2025-10-15,false
Klarna,25.00,USD,2025-10-15,false
Klarna,25.00,USD,2025-10-15,false
Klarna,25.00,USD,2025-10-15,false
Klarna,25.00,USD,2025-10-15,false
Klarna,25.00,USD,2025-10-15,false
Klarna,25.00,USD,2025-10-15,false
Klarna,25.00,USD,2025-10-15,false
Klarna,25.00,USD,2025-10-15,false
Klarna,25.00,USD,2025-10-15,false
Klarna,25.00,USD,2025-10-15,false
Klarna,25.00,USD,2025-10-15,false
Klarna,25.00,USD,2025-10-15,false
Klarna,25.00,USD,2025-10-15,false
Klarna,25.00,USD,2025-10-15,false
Klarna,25.00,USD,2025-10-15,false
Klarna,25.00,USD,2025-10-15,false
Klarna,25.00,USD,2025-10-15,false
Klarna,25.00,USD,2025-10-15,false
Klarna,25.00,USD,2025-10-15,false
Klarna,25.00,USD,2025-10-15,false
Klarna,25.00,USD,2025-10-15,false
Klarna,25.00,USD,2025-10-15,false
Klarna,25.00,USD,2025-10-15,false
Klarna,25.00,USD,2025-10-15,false
Klarna,25.00,USD,2025-10-15,false
Klarna,25.00,USD,2025-10-15,false
Klarna,25.00,USD,2025-10-15,false
Klarna,25.00,USD,2025-10-15,false
Klarna,25.00,USD,2025-10-15,false
Klarna,25.00,USD,2025-10-15,false
Klarna,25.00,USD,2025-10-15,false
Klarna,25.00,USD,2025-10-15,false
Klarna,25.00,USD,2025-10-15,false
Klarna,25.00,USD,2025-10-15,false
Klarna,25.00,USD,2025-10-15,false
Klarna,25.00,USD,2025-10-15,false
Klarna,25.00,USD,2025-10-15,false
Klarna,25.00,USD,2025-10-15,false
Klarna,25.00,USD,2025-10-15,false
Klarna,25.00,USD,2025-10-15,false
Klarna,25.00,USD,2025-10-15,false
Klarna,25.00,USD,2025-10-15,false
Klarna,25.00,USD,2025-10-15,false
Klarna,25.00,USD,2025-10-15,false
Klarna,25.00,USD,2025-10-15,false
Klarna,25.00,USD,2025-10-15,false
Klarna,25.00,USD,2025-10-15,false
Klarna,25.00,USD,2025-10-15,false
Klarna,25.00,USD,2025-10-15,false
Klarna,25.00,USD,2025-10-15,false
Klarna,25.00,USD,2025-10-15,false
Klarna,25.00,USD,2025-10-15,false
Klarna,25.00,USD,2025-10-15,false
Klarna,25.00,USD,2025-10-15,false
Klarna,25.00,USD,2025-10-15,false
Klarna,25.00,USD,2025-10-15,false
Klarna,25.00,USD,2025-10-15,false
Klarna,25.00,USD,2025-10-15,false
Klarna,25.00,USD,2025-10-15,false
Klarna,25.00,USD,2025-10-15,false
Klarna,25.00,USD,2025-10-15,false
Klarna,25.00,USD,2025-10-15,false
Klarna,25.00,USD,2025-10-15,false
Klarna,25.00,USD,2025-10-15,false
Klarna,25.00,USD,2025-10-15,false
Klarna,25.00,USD,2025-10-15,false
Klarna,25.00,USD,2025-10-15,false
Klarna,25.00,USD,2025-10-15,false
Klarna,25.00,USD,2025-10-15,false
Klarna,25.00,USD,2025-10-15,false
Klarna,25.00,USD,2025-10-15,false
Klarna,25.00,USD,2025-10-15,false
Klarna,25.00,USD,2025-10-15,false
Klarna,25.00,USD,2025-10-15,false
Klarna,25.00,USD,2025-10-15,false
Klarna,25.00,USD,2025-10-15,false
Klarna,25.00,USD,2025-10-15,false
Klarna,25.00,USD,2025-10-15,false
Klarna,25.00,USD,2025-10-15,false
Klarna,25.00,USD,2025-10-15,false
Klarna,25.00,USD,2025-10-15,false
Klarna,25.00,USD,2025-10-15,false
Klarna,25.00,USD,2025-10-15,false
Klarna,25.00,USD,2025-10-15,false
Klarna,25.00,USD,2025-10-15,false
Klarna,25.00,USD,2025-10-15,false
Klarna,25.00,USD,2025-10-15,false
Klarna,25.00,USD,2025-10-15,false
Klarna,25.00,USD,2025-10-15,false
Klarna,25.00,USD,2025-10-15,false
Klarna,25.00,USD,2025-10-15,false
Klarna,25.00,USD,2025-10-15,false
Klarna,25.00,USD,2025-10-15,false
Klarna,25.00,USD,2025-10-15,false
Klarna,25.00,USD,2025-10-15,false
Klarna,25.00,USD,2025-10-15,false
Klarna,25.00,USD,2025-10-15,false
Klarna,25.00,USD,2025-10-15,false
Klarna,25.00,USD,2025-10-15,false
Klarna,25.00,USD,2025-10-15,false
Klarna,25.00,USD,2025-10-15,false
Klarna,25.00,USD,2025-10-15,false
Klarna,25.00,USD,2025-10-15,false
Klarna,25.00,USD,2025-10-15,false
Klarna,25.00,USD,2025-10-15,false
Klarna,25.00,USD,2025-10-15,false
Klarna,25.00,USD,2025-10-15,false
Klarna,25.00,USD,2025-10-15,false
Klarna,25.00,USD,2025-10-15,false
Klarna,25.00,USD,2025-10-15,false
Klarna,25.00,USD,2025-10-15,false
Klarna,25.00,USD,2025-10-15,false
Klarna,25.00,USD,2025-10-15,false
Klarna,25.00,USD,2025-10-15,false
Klarna,25.00,USD,2025-10-15,false
Klarna,25.00,USD,2025-10-15,false
Klarna,25.00,USD,2025-10-15,false
Klarna,25.00,USD,2025-10-15,false
Klarna,25.00,USD,2025-10-15,false
Klarna,25.00,USD,2025-10-15,false
Klarna,25.00,USD,2025-10-15,false
Klarna,25.00,USD,2025-10-15,false
Klarna,25.00,USD,2025-10-15,false
Klarna,25.00,USD,2025-10-15,false
Klarna,25.00,USD,2025-10-15,false
Klarna,25.00,USD,2025-10-15,false
Klarna,25.00,USD,2025-10-15,false
Klarna,25.00,USD,2025-10-15,false
Klarna,25.00,USD,2025-10-15,false
Klarna,25.00,USD,2025-10-15,false
Klarna,25.00,USD,2025-10-15,false
Klarna,25.00,USD,2025-10-15,false
Klarna,25.00,USD,2025-10-15,false
Klarna,25.00,USD,2025-10-15,false
Klarna,25.00,USD,2025-10-15,false
Klarna,25.00,USD,2025-10-15,false
Klarna,25.00,USD,2025-10-15,false
Klarna,25.00,USD,2025-10-15,false
Klarna,25.00,USD,2025-10-15,false
Klarna,25.00,USD,2025-10-15,false
Klarna,25.00,USD,2025-10-15,false
Klarna,25.00,USD,2025-10-15,false
Klarna,25.00,USD,2025-10-15,false
Klarna,25.00,USD,2025-10-15,false
Klarna,25.00,USD,2025-10-15,false
Klarna,25.00,USD,2025-10-15,false
Klarna,25.00,USD,2025-10-15,false
Klarna,25.00,USD,2025-10-15,false
Klarna,25.00,USD,2025-10-15,false
Klarna,25.00,USD,2025-10-15,false
Klarna,25.00,USD,2025-10-15,false
Klarna,25.00,USD,2025-10-15,false
Klarna,25.00,USD,2025-10-15,false
Klarna,25.00,USD,2025-10-15,false
Klarna,25.00,USD,2025-10-15,false
Klarna,25.00,USD,2025-10-15,false
Klarna,25.00,USD,2025-10-15,false
Klarna,25.00,USD,2025-10-15,false
Klarna,25.00,USD,2025-10-15,false
Klarna,25.00,USD,2025-10-15,false
Klarna,25.00,USD,2025-10-15,false
Klarna,25.00,USD,2025-10-15,false
Klarna,25.00,USD,2025-10-15,false
Klarna,25.00,USD,2025-10-15,false
Klarna,25.00,USD,2025-10-15,false
Klarna,25.00,USD,2025-10-15,false
Klarna,25.00,USD,2025-10-15,false
Klarna,25.00,USD,2025-10-15,false
Klarna,25.00,USD,2025-10-15,false
Klarna,25.00,USD,2025-10-15,false
Klarna,25.00,USD,2025-10-15,false
Klarna,25.00,USD,2025-10-15,false
Klarna,25.00,USD,2025-10-15,false
Klarna,25.00,USD,2025-10-15,false
Klarna,25.00,USD,2025-10-15,false
